{
  "model": "gru_modelr",
  "seed": 42,
  "batches": [
    {
      "batch": 1,
      "lo": 700,
      "hi": 899,
      "warm": false,
      "fit_s": 3989.5538289546967,
      "r2_static": -0.1325992260268034,
      "r2_online": 0.0013051498548385387
    },
    {
      "batch": 2,
      "lo": 900,
      "hi": 1099,
      "warm": true,
      "fit_s": 2454.324388027191,
      "r2_static": -0.01485664627093608,
      "r2_online": 0.0049828256039469165
    },
    {
      "batch": 3,
      "lo": 1100,
      "hi": 1299,
      "warm": true,
      "fit_s": 2564.2286570072174,
      "r2_static": -0.0006629046786665871,
      "r2_online": 0.006724762830332853
    },
    {
      "batch": 4,
      "lo": 1398,
      "hi": 1597,
      "warm": true,
      "fit_s": 2478.785252094269,
      "r2_static": 0.0035336278418069966,
      "r2_online": 0.007647048510502019
    }
  ],
  "data": "artifacts/precomputed/pool700_lags",
  "timestamp": "2026-07-08T21:46:53.071084"
}