{
  "model": "sig_transformer_d3",
  "base_model": "sig_transformer",
  "n_params": 298561,
  "fit_s": 9024.813414096832,
  "eval_static_s": 166.3360459804535,
  "eval_online_s": 439.51512694358826,
  "r2_static": 0.005411083823088303,
  "r2_online": 0.0041044176744886585,
  "kwargs": {
    "d_model": 96,
    "n_heads": 4,
    "n_layers": 2,
    "ff_mult": 2,
    "dropout": 0.1,
    "lr": 0.0005,
    "weight_decay": 0.01,
    "epochs": 8,
    "batch_size": 1,
    "grad_clip": 1.0,
    "early_stopping_patience": 3,
    "lr_refit": 0.0003,
    "device": "cpu",
    "signature_channels": [
      0,
      1,
      2,
      3,
      4,
      5
    ],
    "signature_window": 16,
    "signature_depth": 3,
    "signature_hurst": 0.1
  },
  "n_train_dates": 200,
  "n_valid_dates": 100,
  "n_train_rows": 7312272,
  "n_valid_rows": 3716152,
  "timestamp": "2026-05-29T06:21:25.510593"
}