{
  "data": "artifacts/precomputed/pool700_lags",
  "k": 6,
  "train": [
    1399,
    1598
  ],
  "valid": [
    1599,
    1698
  ],
  "cluster_map": {
    "0": 5,
    "1": 5,
    "2": 6,
    "3": 6,
    "4": 3,
    "5": 6,
    "6": 1,
    "7": 5,
    "8": 3,
    "9": 3,
    "10": 6,
    "11": 6,
    "12": 3,
    "13": 3,
    "14": 1,
    "15": 1,
    "16": 5,
    "17": 6,
    "18": 2,
    "19": 6,
    "20": 1,
    "21": 1,
    "22": 1,
    "23": 6,
    "24": 2,
    "25": 2,
    "26": 1,
    "27": 2,
    "28": 6,
    "29": 2,
    "30": 3,
    "31": 1,
    "32": 3,
    "33": 3,
    "34": 6,
    "35": 4,
    "36": 3,
    "37": 1,
    "38": 3
  },
  "results": [
    {
      "variant": "base",
      "n_features": 134,
      "best_iter": 115,
      "r2_weighted": 0.005909001826756466,
      "delta_vs_base": 0.0
    },
    {
      "variant": "base+symbol",
      "n_features": 173,
      "best_iter": 157,
      "r2_weighted": 0.005890901054545261,
      "delta_vs_base": -1.8100772211204763e-05
    },
    {
      "variant": "base+cluster",
      "n_features": 140,
      "best_iter": 125,
      "r2_weighted": 0.006124031419149856,
      "delta_vs_base": 0.0002150295923933898
    }
  ],
  "timestamp": "2026-07-09T00:17:26.729954"
}