{
  "model": "lstm_modelr",
  "n_params": 938889,
  "fit_s": 11639.613405227661,
  "eval_static_s": 105.14323902130127,
  "eval_online_s": 317.3504469394684,
  "r2_static": 0.004245812067708243,
  "r2_online": 0.007983570957098785,
  "kwargs": {
    "hidden_sizes": [
      96,
      96,
      96
    ],
    "dropout_rates": [
      0.1,
      0.1,
      0.1
    ],
    "hidden_sizes_linear": [],
    "dropout_rates_linear": [],
    "lr": 0.001,
    "weight_decay": 0.01,
    "epochs": 10,
    "batch_size": 1,
    "grad_clip": 1.0,
    "early_stopping_patience": 3,
    "lr_refit": 0.0003,
    "device": "cpu",
    "num_aux": 4
  },
  "n_train_dates": 200,
  "n_valid_dates": 100,
  "n_train_rows": 7312272,
  "n_valid_rows": 3716152,
  "timestamp": "2026-05-15T03:05:35.540604"
}