{
  "model": "transformer",
  "n_params": 260257,
  "fit_s": 5684.814548969269,
  "eval_static_s": 59.98551893234253,
  "eval_online_s": 241.83387279510498,
  "r2_static": 0.004738228466614758,
  "r2_online": 0.004998746688438138,
  "kwargs": {
    "d_model": 96,
    "n_heads": 4,
    "n_layers": 2,
    "ff_mult": 2,
    "dropout": 0.1,
    "lr": 0.0005,
    "weight_decay": 0.01,
    "epochs": 8,
    "batch_size": 1,
    "grad_clip": 1.0,
    "early_stopping_patience": 3,
    "lr_refit": 0.0003,
    "device": "cpu"
  },
  "n_train_dates": 200,
  "n_valid_dates": 100,
  "n_train_rows": 7312272,
  "n_valid_rows": 3716152,
  "timestamp": "2026-05-15T04:45:22.637476"
}