{
  "k": 3,
  "pool": [
    700,
    1597
  ],
  "stability_ari": -0.06831989935259022,
  "intra_corr": 0.09226448083954145,
  "inter_corr": 0.04023262128777439,
  "map": {
    "0": 1,
    "1": 1,
    "2": 3,
    "3": 3,
    "4": 3,
    "5": 3,
    "6": 2,
    "7": 1,
    "8": 3,
    "9": 1,
    "10": 3,
    "11": 3,
    "12": 3,
    "13": 3,
    "14": 3,
    "15": 3,
    "16": 1,
    "17": 3,
    "18": 3,
    "19": 3,
    "20": 3,
    "21": 2,
    "22": 3,
    "23": 2,
    "24": 3,
    "25": 3,
    "26": 3,
    "27": 3,
    "28": 3,
    "29": 3,
    "30": 3,
    "31": 3,
    "32": 3,
    "33": 1,
    "34": 3,
    "35": 1,
    "36": 3,
    "37": 2,
    "38": 3
  }
}