{
  "model": "gru",
  "hi": 1597,
  "decay_halflife": 0.0,
  "rows": [
    {
      "length": 50,
      "lo": 1548,
      "hi": 1597,
      "r2_static": 0.00104453686465511,
      "r2_online": 0.003156544537101569
    },
    {
      "length": 100,
      "lo": 1498,
      "hi": 1597,
      "r2_static": 0.0037891233405468183,
      "r2_online": 0.005443494602231147
    },
    {
      "length": 200,
      "lo": 1398,
      "hi": 1597,
      "r2_static": 0.0029838765850600524,
      "r2_online": 0.005880187205418497
    },
    {
      "length": 400,
      "lo": 1198,
      "hi": 1597,
      "r2_static": 0.005066316529165671,
      "r2_online": 0.007118051524609648
    }
  ],
  "timestamp": "2026-07-08T22:58:28.519745"
}